actor,films_cnt,actors_cnt
Aamir Bashir,1,3
Aamir Khan,8,23
Aaron Eckhart,1,3
Aaron Taylor-Johnson,1,3
Abdel Ahmed Ghili,1,3
Abhay Deol,2,6
Abigail Breslin,1,3
Abraham Attah,1,3
Adam Baldwin,1,3
Adam Driver,1,3
Adel Bencherif,1,3
Adesh Prasad,1,3
Adil Hussain,2,6
Adolphe Menjou,1,3
Adrian Molina,1,3
Adrien Brody,3,9
Adèle Exarchopoulos,1,3
Adèle Haenel,1,3
Agnes Moorehead,1,3
Ahmet Mümtaz Taylan,1,3
Ahna Capri,1,3
Ahney Her,1,3
Aidan Gillen,1,3
Aitana Sánchez-Gijón,1,3
Ajay Devgn,1,3
Ajay Naidu,1,3
Akemi Yamaguchi,1,3
Aki Maeda,1,3
Akihiro Miwa,1,3
Akio Ôtsuka,1,3
Akira Ishihama,1,3
Akira Terao,1,3
Akshay Kumar,5,14
Akshaye Khanna,1,3
Al Ernest Garcia,1,3
Al Pacino,13,35
Alain Delon,1,3
Alakina Mann,1,3
Alan Alda,1,3
Alan Arkin,3,9
Alan Badel,1,3
Alan Mak,1,3
Alan Randolph Scott,1,3
Alan Rickman,1,3
Alan Ruck,1,3
Alan Tudyk,2,6
Albert Brooks,3,9
Albert Finney,2,6
Albert Rémy,1,3
Alberto Ammann,1,3
Aldo Giuffrè,1,3
Aldo Silvani,1,3
Alec Baldwin,1,3
Alec Cawthorne,1,3
Alec Guinness,5,14
Alec Secareanu,1,3
Alejandro Jodorowsky,1,3
Aleksandr Antonov,1,3
Aleksandr Kaydanovskiy,1,3
Aleksey Kravchenko,1,3
Aleksey Rozin,1,3
Aleksey Serebryakov,1,3
Alex Palmer,1,3
Alex Sharp,1,3
Alexander Gould,1,3
Alexander Granach,1,3
Alexandra Maria Lara,3,9
Alexandre Rignault,1,3
Alexandre Rodrigues,1,3
Alexandre Tharaud,1,3
Alexandru Potocean,1,3
Alfred Abel,1,3
Ali Mosaffa,1,3
Alia Bhatt,2,6
Alicia Vikander,1,3
Alida Valli,2,6
Alisa Freyndlikh,1,3
Alison Crosbie,1,3
Alison Doody,1,3
Alison Whelan,1,3
Allen Garfield,1,3
Allen Leech,1,3
Allison Williams,1,3
Ally Sheedy,1,3
Altan Erkekli,1,3
America Ferrera,1,3
Amir Farrokh Hashemian,1,3
Amira Casar,1,3
Amit Sadh,1,3
Amitabh Bachchan,4,12
Amjad Khan,1,3
Amole Gupte,1,3
Amrish Puri,1,3
Amrita Puri,1,3
Amy Adams,3,9
Amy Poehler,2,6
Amy Ryan,2,6
Amy Smart,1,3
Ana López Mercado,1,3
Ana Wagener,1,3
Ana de Armas,2,6
Anamaria Marinca,1,3
Anand Gandhi,1,3
Ananda George,1,3
Anatoliy Solonitsyn,2,5
Andie MacDowell,2,6
Andrea Eckert,1,3
Andrea Riseborough,1,3
Andrea Tariang,1,3
Andreas Wilson,1,3
Andrew Adote,1,3
Andrew Garfield,2,6
Andrew Kevin Walker,1,3
Andrew Marton,1,3
Andrew Philpot,1,3
Andrew Robinson,1,3
Andrew Shim,1,3
André Berley,1,3
André Ramiro,2,4
André S. Labarthe,1,3
Andy Devine,1,3
Andy Garcia,1,3
Andy Lau,1,3
Andy Serkis,2,6
Angela Bassett,1,3
Angela Lansbury,1,3
Angelina Jolie,1,3
Angie Dickinson,1,3
Angus Macfadyen,1,3
Anil Dhawan,1,3
Anita Ekberg,1,3
Anjelica Huston,1,3
Ann Dvorak,1,3
Ann Owens,1,3
Ann Reinking,1,3
Anna Faris,1,3
Anna Foglietta,1,3
Anna Karina,1,3
Anna Kendrick,2,6
Anna Massey,1,3
Annalise Basso,1,3
Anne Bancroft,2,6
Anne Baxter,2,6
Anne Dorval,1,3
Anne Hathaway,3,9
Anne Le Ny,1,3
Anne-Marie Duff,1,3
Annette Bening,1,3
Annie Corley,1,3
Annie Potts,1,3
Annika Wedderkopp,1,3
Annu Kapoor,1,3
Anouk Aimée,2,5
Ansel Elgort,2,6
Ansiba,1,3
Anthony Chau-Sang Wong,1,3
Anthony Edwards,2,6
Anthony Gonzalez,1,3
Anthony Hopkins,5,15
Anthony Michael Hall,1,3
Anthony Perkins,1,3
Anthony Quinn,3,9
Antoine Olivier Pilon,1,3
Anton Walbrook,1,3
Antonella Attili,1,3
Antonia San Juan,1,3
Antonio Banderas,1,3
Antonio Resines,1,3
Anupam Kher,3,8
Anushka Sharma,1,3
Anushka Shetty,1,3
Aoi Miyazaki,1,3
Aoi Yûki,2,6
Aparna Balamurali,1,3
Aras Bulut Iynemli,1,3
Archana Jois,1,3
Ariadna Gil,1,3
Ariane Labed,1,3
Arifin Putra,1,3
Armando Brancia,1,3
Armie Hammer,1,3
Armin Mueller-Stahl,2,6
Arno Frisch,1,3
Arnold Lucy,1,3
Arnold Schwarzenegger,3,8
Arshad Warsi,2,5
Art LaFleur,1,3
Art Malik,1,3
Art Parkinson,1,3
Arthur O'Connell,1,3
Arthur Rosson,1,3
Artyom Bogucharskiy,1,3
Asa Butterfield,1,3
Asaka Seto,1,3
Ash Brannon,1,3
Asha Sharath,1,3
Ashton Kutcher,1,3
Atsuko Tanaka,1,3
Audrey Hepburn,6,18
Audrey Tautou,2,6
Auli'i Cravalho,1,3
Aura Garrido,1,3
Aurore Clément,1,3
Aurélien Recoing,1,3
Aya Okamoto,1,3
Ayami Kakiuchi,1,3
Ayano Shiraishi,1,3
Ayberk Pekcan,1,3
Ayesha Kapoor,1,3
Ayushmann Khurrana,3,9
Azhy Robertson,1,3
BD Wong,1,3
Babak Karimi,1,3
Bae Doona,1,3
Bahar Pars,1,3
Bahare Seddiqi,1,3
Bajram Severdzan,1,3
Baki Davrak,1,3
Barbara Bel Geddes,1,3
Barbara Hershey,2,6
Barbara Stanwyck,1,3
Baris Bagci,1,3
Barkhad Abdi,1,3
Barkhad Abdirahman,1,3
Barry Bostwick,1,3
Barry Cook,1,3
Barry Fitzgerald,1,3
Barry Humphries,1,3
Barry Keoghan,1,3
Barry Pepper,1,3
Basil Rathbone,1,3
Beau Billingslea,1,3
Bee Vang,1,3
Belén Rueda,2,6
Ben Affleck,3,9
Ben Burtt,1,3
Ben Foster,2,6
Ben Gazzara,1,3
Ben Hardy,1,3
Ben Johnson,1,3
Ben Kingsley,4,12
Ben Stiller,1,3
Ben Whishaw,1,3
Benedict Cumberbatch,2,6
Bengt Ekerot,1,3
Benicio Del Toro,4,12
Benjamin Bratt,2,6
Benno Fürmann,1,3
Benoît Régent,1,3
Bernard-Pierre Donnadieu,1,3
Bernhard Wicki,1,3
Bertil Guve,1,3
Bette Davis,2,6
Beverly D'Angelo,1,3
Bibi Andersson,2,5
Biff McGuire,1,3
Bill Bernstein,1,3
Bill Hader,1,3
Bill McKinney,2,6
Bill Murray,6,17
Bill Nighy,4,12
Bill Nunn,1,3
Bill Paxton,3,9
Bill Pullman,2,6
Bill Sage,1,3
Billy Bob Thornton,1,3
Billy Connolly,1,3
Billy Crudup,3,9
Billy Crystal,2,6
Billy Dee Williams,2,3
Billy Zane,1,3
Birgitta Pettersson,1,3
Birgitta Valberg,1,3
Birol Ünel,1,3
Björk,1,3
Bo Hopkins,1,3
Bob Balaban,1,3
Bob Geldof,1,3
Bob Gunton,1,3
Bob Hoskins,1,3
Bob Odenkirk,1,3
Bob Peterson,1,3
Bobby Cannavale,1,3
Bodil Rosing,1,3
Boluwatife Treasure Bankole,1,3
Boman Irani,2,5
Bonnie Bedelia,1,3
Bonnie Hunt,1,3
Bora Todorovic,1,3
Boris Karloff,2,5
Boyd Holbrook,1,3
Boyd Kirkland,1,3
Brad Davis,1,3
Brad Dourif,1,3
Brad Garrett,1,3
Brad Pitt,12,36
Bradley Cooper,4,12
Bradley Whitford,1,3
Brady Corbet,1,3
Brahim Hadjadj,1,3
Branka Katic,1,3
Branko Djuric,1,3
Brenda Blethyn,3,8
Brenda Fricker,1,3
Brendan Gleeson,4,12
Bria Vinaite,1,3
Brian Cox,1,3
Brian Dennehy,1,3
Brian Howe,1,3
Brian O'Halloran,1,3
Brian Tyler,1,3
Bridget Moynahan,1,3
Brie Larson,3,9
Brigitte Helm,1,3
Brigitte Lin,1,3
Brooke Adams,1,3
Brooklynn Prince,1,3
Bruce Bennett,1,3
Bruce Cabot,1,3
Bruce Campbell,1,3
Bruce Davison,1,3
Bruce Dern,1,3
Bruce Lee,1,3
Bruce Reitherman,1,3
Bruce Spence,1,3
Bruce Willis,7,20
Bruno Ganz,2,6
Bruno Kirby,2,6
Bruno Zanin,1,3
Bryan Cranston,3,9
Bryce Dallas Howard,2,6
Bud Cort,1,3
Buddy Ebsen,1,3
Bulle Ogier,1,3
Bunshi Katsura Vi,1,3
Burak Yigit,1,3
Burl Ives,2,6
Burt Lancaster,3,9
Burt Reynolds,2,6
Burt Young,1,3
Buster Keaton,2,7
Buzz Kilman,1,3
Byron Barr,1,3
Byron Howard,1,3
Bérénice Bejo,2,6
Börje Ahlstedt,1,3
Bárbara Lennie,1,3
Cab Calloway,1,3
Caio Junqueira,1,3
Caitriona Balfe,1,3
Caleb Landry Jones,1,3
Callan McAuliffe,1,3
Cameron Diaz,2,6
Candela Peña,1,3
Carey Mulligan,1,3
Carice van Houten,1,3
Carl Benton Reid,1,3
Carl Miller,1,3
Carl Möhner,1,3
Carl Weathers,2,6
Carla Gugino,1,3
Carla Quevedo,1,3
Carlo Buccirosso,1,3
Carlo Verdone,1,3
Carlos Martínez López,1,3
Carlos Peralta,1,3
Carol Kane,1,3
Carole Lombard,1,3
Caroline Goodall,1,3
Carrie Fisher,4,7
Carrie Henn,1,3
Carrie-Anne Moss,2,6
Carroll Baker,1,3
Carroll O'Connor,1,3
Cary Elwes,3,9
Cary Grant,7,20
Cary-Hiroyuki Tagawa,1,3
Casey Affleck,2,6
Cate Blanchett,4,12
Catherine Deneuve,4,12
Catherine Keener,5,15
Catherine O'Hara,1,3
Cathy Moriarty,1,3
Cathy Rosier,1,3
Catinca Untaru,1,3
Cecil Parker,1,3
Cecilia Roth,1,3
Celeste Holm,1,3
Celia Johnson,1,3
Celile Toyon Uysal,1,3
Cem Yilmaz,1,3
Charles Bronson,4,11
Charles Chaplin,6,16
Charles Durning,1,3
Charles Fleischer,1,3
Charles Laughton,2,6
Charles Martin Smith,1,3
Charles Ruggles,1,3
Charles Vanel,2,6
Charley Grapewin,1,3
Charlie Cox,1,3
Charlie Hunnam,1,3
Charlie Pye Jr.,1,3
Charlie Sheen,1,3
Charlie Yeung,1,3
Charlize Theron,2,6
Charlotte Rampling,1,3
Charlton Heston,4,12
Chase Ellison,1,3
Chazz Palminteri,2,6
Chen Chang,1,3
Chete Lera,1,3
Chiara Mastroianni,1,3
Chico Marx,2,4
Chief Dan George,1,3
Chieko Baishô,1,3
Chieko Higashiyama,1,3
Chika Sakamoto,1,3
Chishû Ryû,1,3
Chiwetel Ejiofor,4,12
Chloë Grace Moretz,3,9
Cho Jin-woong,1,3
Cho Yeo-jeong,1,3
Choi Min-sik,2,6
Choi Woo-sik,1,3
Chris Cooper,3,9
Chris Elliott,1,3
Chris Evans,6,12
Chris Hemsworth,3,8
Chris O'Donnell,1,3
Chris Owen,1,3
Chris Penn,1,3
Chris Pine,3,8
Chris Pratt,3,7
Chris Renaud,1,3
Chris Sanders,1,3
Chris Sarandon,2,6
Chris Williams,2,6
Christian Bale,11,31
Christian Berkel,1,3
Christian Friedel,1,3
Christian Slater,2,6
Christina Hendricks,1,3
Christine Hargreaves,1,3
Christoph Waltz,1,3
Christopher Adamson,1,3
Christopher Carley,1,3
Christopher Eccleston,2,6
Christopher Guest,1,3
Christopher Heyerdahl,1,3
Christopher Lloyd,3,7
Christopher Mintz-Plasse,1,3
Christopher Plummer,6,17
Christopher Reeve,1,3
Christopher Rivera,1,3
Christopher Walken,3,9
Chulpan Khamatova,1,3
Ciarán Hinds,2,6
Cillian Murphy,1,3
Claire Bloom,1,3
Claire Danes,1,3
Claire Maurier,1,3
Claire Rushbrook,1,3
Claire Trevor,1,3
Clark Gable,2,6
Claude Rains,4,11
Claudette Colbert,1,3
Claudia Cardinale,3,9
Cleavon Little,1,3
Clifton Powell,1,3
Clifton Webb,1,3
Clint Eastwood,12,33
Clive Owen,4,12
Coleen Gray,1,3
Colin Clive,2,5
Colin Farrell,2,6
Colin Firth,3,9
Colm Feore,1,3
Connie Nielsen,1,3
Conrad Veidt,1,3
Corey Feldman,2,6
Corey Hawkins,1,3
Cori Gonzalez-Macuer,1,2
Craig Bierko,1,3
Craig Ferguson,1,3
Craig Parkinson,1,3
Craig T. Nelson,2,5
Crispin Glover,2,6
Cuba Gooding Jr.,2,6
Cuifen Cao,1,3
Curt Bois,1,3
Cybill Shepherd,2,6
Cyril Cusack,1,3
Dafne Keen,1,3
Daisuke Ryû,1,3
Daisy Ridley,1,3
Dakota Fanning,3,9
Dakota Johnson,1,3
Dalia Hernández,1,3
Damian Chapa,1,3
Dan Aykroyd,2,6
Dan Hedaya,1,3
Dan Hicks,1,3
Dan Riba,1,3
Dana Andrews,2,6
Dana Wynter,1,3
Danai Gurira,1,3
Daniel Boulanger,1,3
Daniel Brühl,2,6
Daniel Craig,4,11
Daniel Day-Lewis,4,12
Daniel Giménez Cacho,1,3
Daniel Kaluuya,1,3
Daniel Mays,1,3
Daniel Prévost,1,3
Daniel Radcliffe,6,8
Daniel Richter,1,3
Daniel Stern,1,3
Danielle Proulx,1,3
Danny Aiello,3,9
Danny Denzongpa,1,3
Danny Elfman,1,3
Danny Glover,3,9
Danny Huston,1,3
Danny Lee,1,3
Danny Lloyd,1,3
Dara Singh,1,3
Darren McGavin,1,3
Darryl F. Zanuck,1,3
Darsheel Safary,1,3
Daryl Hannah,2,3
Darío Grandinetti,2,6
Dave Bautista,2,6
Dave Goelz,1,3
Dave Johns,1,3
Daveigh Chase,1,3
David Carradine,2,3
David Della Rocco,1,3
David Emge,1,3
David Hand,1,3
David Hemmings,1,3
David Herman,1,3
David James,1,3
David Lee Smith,1,3
David Morse,2,6
David Rawle,1,3
David Silverman,1,3
David Thewlis,2,6
David Tomlinson,1,3
David Wenham,1,3
David Zucker,1,3
Davor Dujmovic,1,3
DeForest Kelley,1,3
Dean Martin,1,3
Dean Stockwell,1,3
Dean-Charles Chapman,1,3
Debbie Reynolds,1,2
Deborah Kara Unger,2,6
Deborah Kerr,2,6
Debra Messing,1,3
Dee Wallace,1,3
Del Negro,1,3
Delphine Seyrig,1,3
Delroy Lindo,1,3
Demet Akbag,2,6
Demi Moore,1,3
Denholm Elliott,1,3
Deniz Baysal,1,3
Dennis Farina,1,3
Dennis Hopper,2,6
Dennis Price,1,3
Dennis Quaid,1,3
Denzel Washington,9,27
Derek Jacobi,2,6
Dev Patel,2,6
Dexter Fletcher,1,3
Dharmendra,1,3
Diahnne Abbott,1,3
Diane Keaton,6,14
Diane Kruger,3,9
Diane Ladd,1,3
Diane Venora,1,3
Dianne Wiest,3,9
Dibyendu Bhattacharya,1,3
Dick Hogan,1,3
Dick Van Dyke,1,3
Dick York,1,3
Diego Cortina Autrey,1,3
Diego Luna,1,3
Diego Starosta,1,3
Diljit Dosanjh,1,3
Disha Patani,1,3
Dita Parlo,1,3
Djimon Hounsou,2,6
Doga Zeynep Doguslu,1,3
Dolly Ahluwalia,1,3
Dolores Moran,1,3
Domhnall Gleeson,4,11
Dominic West,2,6
Dominique Blanchar,1,3
Dominique McElligott,1,3
Dominique Pinon,2,6
Don Cheadle,2,6
Don Gordon,1,3
Don Hall,1,3
Don Rickles,2,6
Don Taylor,1,3
Donald O'Connor,1,2
Donald Pleasence,1,3
Donald Sutherland,3,9
Donatas Banionis,1,3
Donna Murphy,1,3
Donna Reed,2,6
Donnie Yen,2,6
Donny Alamsyah,1,3
Dorian Gray,1,3
Dorothy Comingore,1,3
Dorothy Duffy,1,3
Dorsey Wright,1,3
Doug McKeon,1,3
Douglas Booth,1,3
Drew Barrymore,1,3
Duane Jones,1,3
Dustin Hoffman,6,18
Dwight Yoakam,1,3
Dylan Baker,1,3
Ed Harris,6,18
Ed Helms,1,3
Ed Skrein,1,3
Eddie Albert,1,3
Eddie Murphy,2,6
Eddie Redmayne,2,6
Edgar Ramírez,1,3
Edmond O'Brien,2,6
Edmund Goulding,1,3
Edmund Gwenn,1,3
Edna Purviance,1,3
Edoardo Leo,1,3
Eduard Abalov,1,3
Eduardo Noriega,1,3
Edward Arnold,1,3
Edward Asner,1,3
Edward Burns,1,3
Edward Fox,1,3
Edward Furlong,2,6
Edward G. Robinson,3,9
Edward James Olmos,1,3
Edward Norton,7,21
Efrem Zimbalist Jr.,1,3
Ege Tanman,1,3
Eiji Okada,1,3
Eijirô Tôno,1,3
Eiko Masuyama,1,3
Eileen Walsh,1,3
Eiza González,1,3
Eleanor Bron,1,3
Eleanor David,1,3
Eleanor Parker,1,3
Elena Altieri,1,3
Elena Anaya,1,3
Elena Lyadova,1,3
Eli Marienthal,1,3
Eli Roth,1,3
Eli Wallach,2,6
Elijah Smith,1,3
Elijah Wood,3,4
Elisabeth Shue,1,3
Elissa Knight,1,3
Elit Iscan,1,3
Eliza Scanlen,1,3
Elizabeth Banks,1,3
Elizabeth Berridge,1,3
Elizabeth Berrington,1,3
Elizabeth McGovern,1,3
Elizabeth Taylor,3,9
Ellar Coltrane,1,3
Ellen Burstyn,2,6
Ellen Crawford,1,3
Ellen DeGeneres,1,3
Ellen Widmann,1,3
Elliot Page,1,3
Elliott Gould,1,3
Elmo Nüganen,1,3
Elpidia Carrillo,1,3
Elsa Lanchester,2,6
Elya Baskin,1,3
Emeric Pressburger,1,3
Emi Shinohara,1,3
Emile Hirsch,2,6
Emilia Fox,1,3
Emilio Echevarría,1,3
Emilio Estevez,1,3
Emily Blunt,2,6
Emily Mortimer,2,6
Emily Watson,1,3
Emma Stone,3,9
Emma Thompson,2,6
Emma Watson,7,12
Emmanuel Affadzi,1,3
Emmanuelle Riva,2,6
Emmanuelle Seigner,2,6
Emmy Rossum,1,3
Enrique Castillo,1,3
Enrique Rambal,1,3
Enzo Cannavale,1,3
Enzo Staiola,1,3
Enzo Tarascio,1,3
Erdem Can,2,6
Eric Bana,2,6
Eric Baugin,1,3
Eric Idle,1,3
Eric Radomski,1,3
Eric Schweig,1,3
Eric Sykes,1,3
Erich von Stroheim,2,6
Ernest B. Schoedsack,1,3
Ernest Borgnine,2,6
Ernst Jacobi,1,3
Errol Flynn,1,3
Erwin Connelly,1,3
Ethan Coen,6,14
Ethan Hawke,9,25
Eugene Silvain,1,3
Eun-ju Lee,1,3
Eva Green,1,3
Eva Marie Saint,1,3
Evan McGuire,1,3
Evan Rachel Wood,1,3
Evgeniy Zharikov,1,3
Ewa Fröling,1,3
Ewan McGregor,3,9
Ewen Bremner,1,3
Ezra Miller,1,3
F. Murray Abraham,2,6
Famke Janssen,1,3
Farhan Akhtar,2,6
Farida Jalal,1,3
Farley Granger,2,6
Fatima Sana Shaikh,1,3
Fay Wray,1,3
Faye Dunaway,3,9
Faye Wong,1,3
Fele Martínez,1,3
Felicity Jones,2,6
Felix Bressart,1,3
Fengyi Zhang,1,3
Ferdia Walsh-Peelo,1,3
Fernanda Montenegro,1,3
Fernando Rey,2,6
Fikret Kuskan,1,3
Filip Berg,1,3
Filip Sovagovic,1,3
Filipp Yankovskiy,1,3
Fionn Whitehead,1,3
Fionnula Flanagan,2,6
Florence Lee,1,3
Florence Pugh,1,3
Florian Lukas,1,3
Florijan Ajdini,1,3
Folco Lulli,1,3
Ford Beebe Jr.,1,3
Forest Whitaker,2,6
Franca Marzi,1,3
Frances Conroy,1,3
Frances McDormand,5,14
Frances Sternhagen,1,3
Francine Racette,1,3
Francis Capra,1,3
Francis Huster,1,3
Frank Adu,1,3
Frank Finlay,1,3
Frank Giering,1,3
Frank Langella,1,3
Frank Lovejoy,1,3
Frank Morgan,1,3
Frank Overton,1,3
Frank Oz,1,3
Frank Paur,1,3
Frank Sinatra,1,3
Frank Vincent,1,3
Franka Potente,4,11
Frantz Turner,1,3
Franz Rogowski,1,3
François Berléand,1,3
François Cluzet,1,3
François Périer,2,6
François Truffaut,1,3
Fred MacMurray,2,6
Fred Willard,1,3
Frederic Forrest,2,6
Frederick Lau,2,6
Fredric March,2,6
Freida Pinto,1,3
Friedrich Feher,1,3
Frédérique Feder,1,3
Gabriel Byrne,2,6
Gabriele Ferzetti,1,3
Gabrielle Anwar,1,3
Gael García Bernal,4,12
Gajraj Rao,1,3
Garrett M. Brown,1,3
Gary Busey,1,3
Gary Cooper,1,3
Gary Farmer,1,3
Gary Lockwood,1,3
Gary Oldman,6,18
Gary Sinise,2,5
Gary Stretch,1,3
Gaspard Manesse,1,3
Gaspard Ulliel,1,3
Gastone Moschin,1,3
Gastón Pauls,1,3
Gattlin Griffith,1,3
Gayatri Joshi,1,3
Gaylen Ross,1,3
Geert Van Rampelberg,1,3
Gemma Jones,1,3
Gena Rowlands,3,9
Gene Bervoets,1,3
Gene Hackman,6,18
Gene Kelly,2,7
Gene Lockhart,2,6
Gene Tierney,1,3
Gene Wilder,3,9
Geneviève Page,1,3
Geoffrey Arend,1,3
Geoffrey Rush,4,12
George C. Scott,3,9
George Clooney,4,12
George Cukor,2,6
George Harrison,1,3
George Kennedy,1,3
George MacKay,2,6
George Macready,2,6
George O'Brien,1,3
George Peppard,1,3
George Raft,1,3
George Sanders,2,6
George Segal,1,3
Georges Adet,1,3
Georges Siatidis,1,3
Gerald R. Molen,1,3
Geraldine Chaplin,1,3
Gerard Butler,3,8
Gerard Hendrick,1,3
Gerardo Taracena,1,3
Gerd Oswald,1,3
Gerry Robert Byrne,1,3
Gert Fröbe,1,3
Gian Maria Volontè,2,5
Gil Birmingham,1,3
Gillian Anderson,1,3
Gina Torres,1,3
Ginnifer Goodwin,2,6
Giorgi Nakashidze,1,3
Giorgio Cantarini,1,3
Giovanni Ribisi,1,3
Giulietta Masina,2,6
Giuseppe Battiston,1,3
Giustino Durano,1,3
Gladys George,1,3
Glen Cavender,1,2
Glen Hansard,1,3
Glenn Ford,1,3
Gloria Grahame,1,3
Gloria Stuart,1,3
Gloria Swanson,1,3
Glynis Johns,1,3
Godfrey Tearle,1,3
Golshifteh Farahani,1,3
Gong Li,2,6
Gore Vidal,1,3
Gorô Naya,1,3
Goya Toledo,1,3
Grace Kelly,3,9
Graciela Tenenbaum,1,3
Gracy Singh,2,6
Graham Chapman,2,5
Graham Greene,2,6
Graham Norton,1,3
Greg Cruttwell,1,3
Greg Grunberg,1,3
Greg Kinnear,2,6
Gregory Peck,3,9
Greta Schröder,1,3
Griffin Dunne,1,3
Grigoriy Aleksandrov,1,3
Groucho Marx,2,4
Guillaume Canet,2,6
Gunnar Björnstrand,3,8
Gunnel Lindblom,1,3
Gustaf Skarsgård,1,3
Gustav Fröhlich,1,3
Gustav von Wangenheim,1,3
Guy Decomble,1,3
Guy Pearce,3,9
Guylaine Schlumberger,1,3
Gwen Eckhaus,1,3
Gwilym Lee,1,3
Gwyneth Paltrow,2,6
Gérard Jugnot,1,3
Günes Sensoy,1,3
Güven Kiraç,1,3
Haaz Sleiman,1,3
Hailee Steinfeld,1,3
Haing S. Ngor,1,3
Haley Joel Osment,1,3
Halina Gryglaszewska,1,3
Halina Reijn,1,3
Haluk Bilginer,1,3
Halvar Björk,1,3
Hanno Pöschl,1,3
Hardy Krüger,1,3
Harold Ramis,1,3
Harpo Marx,2,4
Harriet Andersson,2,6
Harrison Ford,8,19
Harry Connick Jr.,1,3
Harry Crocker,1,3
Harry Dean Stanton,1,3
Harry Guardino,1,3
Harry Myers,1,3
Harshaali Malhotra,1,3
Hartley Power,1,3
Haru Kuroki,1,3
Haruo Tanaka,1,3
Harvey Keitel,2,6
Harvey Korman,1,3
Haya Harareet,1,3
Hayley Squires,1,3
Heath Ledger,2,6
Hector Elizondo,1,3
Hee Jae,1,3
Hee-won Kim,1,3
Helen Hunt,2,6
Helena Bonham Carter,1,3
Helena Rojo,1,3
Helmut Griem,1,3
Helmut Qualtinger,1,3
Hemendra Dandotiya,1,3
Henning Moritzen,1,3
Henri Serre,1,3
Henri-Jacques Huet,1,3
Henrik Dahl,1,3
Henrik Lundström,1,3
Henry Bergman,2,5
Henry Cavill,1,3
Henry Fonda,4,12
Henry Thomas,1,3
Henry Travers,2,6
Herb Edelman,1,3
Herbert Grönemeyer,1,3
Herbert Knaup,1,3
Herbert Lom,1,3
Hiam Abbass,1,3
Hideaki Anno,1,3
Hidetoshi Nishijima,1,3
Hilary Swank,1,3
Hiromasa Yonebayashi,1,3
Hiroyuki Okiura,1,3
Hisako Kyôda,1,3
Hitoshi Takagi,1,3
Ho-jin Chun,1,3
Holly Hunter,2,5
Holmes Osborne,1,3
Honor Blackman,1,3
Horacio Salinas,1,3
Howard Da Silva,1,3
Hrithik Roshan,1,3
Hubert Koundé,1,3
Hubertus Bengsch,1,3
Huck Milner,1,3
Hudhail Al-Amir,1,3
Hugh Bonneville,1,3
Hugh Grant,1,3
Hugh Jackman,4,11
Hugh Marlowe,1,3
Hugh Walsh,1,3
Hugh Welchman,1,3
Hugo Silva,1,3
Hugo Weaving,1,3
Humphrey Bogart,9,25
Husnija Hasimovic,1,3
Hye-ja Kim,1,3
Hyeong-jin Kong,1,3
Hyuk-ho Kwon,1,3
Hümeyra,1,3
Iain Rea,1,3
Ian Hart,1,3
Ian Hendry,1,3
Ian Holm,1,3
Ian McKellen,7,14
Ida Engvoll,1,3
Iemasa Kayumi,1,3
Ignat Daniltsev,1,3
Iko Uwais,2,6
Ileana D'Cruz,1,3
Ilker Kizmaz,1,3
Imelda Staunton,1,3
In-mun Kim,1,3
Indraneil Sengupta,1,3
Inge Landgut,1,3
Ingrid Bergman,3,8
Ingrid Thulin,2,6
Irandhir Santos,1,3
Irene Miracle,1,3
Irene Papas,1,3
Irrfan Khan,4,12
Irving Metzman,1,3
Irène Jacob,2,6
Isa Danieli,1,3
Isaac Hayes,1,3
Isabella Rossellini,1,3
Isabelle Adjani,1,3
Isabelle Huppert,1,3
Ismail Hacioglu,1,3
Issey Takahashi,1,3
Isuzu Yamada,1,3
Ivan Bobrov,1,3
Ivan Dobronravov,1,3
Ivan Lapikov,1,3
Ivana Baquero,1,3
Izabela Vidovic,1,3
J. Mackye Gruber,1,3
J.D. Cannon,1,3
J.K. Simmons,3,9
J.T. Walsh,1,3
JB Blanc,1,3
Jack Albertson,1,3
Jack Benny,1,3
Jack Carson,2,6
Jack Hawkins,4,11
Jack Kehoe,1,3
Jack Lemmon,5,14
Jack McBrayer,1,3
Jack Nicholson,6,18
Jack Oakie,1,3
Jack Reynor,1,3
Jack Thibeau,1,3
Jack Warden,3,9
Jacki Weaver,1,3
Jackie Coogan,1,3
Jackie Earle Haley,1,3
Jackie Gleason,1,3
Jacob Tremblay,2,6
Jacqueline Andere,1,3
Jacques Villeret,1,3
Jaden Smith,1,3
Jae Head,1,3
Jae-ho Song,1,3
Jake Gyllenhaal,7,21
Jake Johnson,1,3
James Booth,1,3
James Caan,3,9
James Cagney,1,3
James Coburn,2,6
James Cromwell,1,3
James Dean,3,9
James Doohan,1,3
James Earl Jones,1,3
James Fleet,1,3
James Garner,2,6
James Gleason,1,3
James Laurenson,1,3
James Marsden,2,6
James Mason,2,6
James McAvoy,4,12
James Rebhorn,2,6
James Remar,1,3
James Stewart,10,30
James Woods,2,5
Jamie Bell,1,3
Jamie Chung,1,3
Jamie Draven,1,3
Jamie Foxx,4,11
Jamie Lee Curtis,2,6
Jan Cornet,1,3
Jan Josef Liefers,1,3
Jan Pinkava,1,3
Jan Sterling,1,3
Jane Adams,1,3
Jane Alexander,1,3
Jane Darwell,1,3
Jane Fonda,1,3
Jane Galloway Heitz,1,3
Jane Greer,1,3
Jane Lynch,1,3
Jane Wyman,1,3
Janelle Monáe,1,3
Janet Gaynor,1,3
Janet Leigh,3,9
Jang Dong-Gun,1,3
Janine Darcey,1,3
Janusz Gajos,1,3
Jared Bush,1,3
Jared Gilman,1,3
Jared Leto,4,12
Jason Bateman,1,3
Jason Cope,1,3
Jason Flemyng,1,3
Jason Lee,1,3
Jason London,1,3
Jason Mitchell,1,3
Jason Patric,1,3
Jason Robards,2,6
Jason Schwartzman,3,8
Jason Segel,1,3
Jason Statham,2,6
Javier Bardem,3,9
Javier Cámara,1,3
Jay Baruchel,3,8
Jay C. Flippen,1,3
Jaya Bachchan,1,3
Je-mun Yun,1,3
Jean Arthur,1,3
Jean Dujardin,1,3
Jean Gabin,1,3
Jean Heywood,1,3
Jean Martin,1,3
Jean Reno,1,3
Jean Seberg,1,3
Jean Servais,1,3
Jean Simmons,1,3
Jean Sorel,1,3
Jean Topart,1,3
Jean-Baptiste Maunier,1,3
Jean-Claude Donda,1,3
Jean-Louis Trintignant,3,9
Jean-Marc Barr,1,3
Jean-Paul Belmondo,1,3
Jean-Pierre Jeunet,1,3
Jean-Pierre Lorit,1,3
Jean-Pierre Léaud,1,3
Jeanne Bates,1,3
Jeanne Moreau,1,3
Jeff Anderson,1,3
Jeff Bridges,7,21
Jeff Cohen,1,3
Jeff Daniels,1,3
Jeff Garlin,1,3
Jeff Goldblum,1,3
Jeffrey Ho,1,3
Jeffrey Hunter,1,3
Jeffrey Jones,1,3
Jeffrey Wright,1,3
Jemaine Clement,1,2
Jena Malone,1,3
Jennifer Aniston,2,6
Jennifer Connelly,5,15
Jennifer Drake,1,3
Jennifer Garner,1,3
Jennifer Jason Leigh,2,6
Jennifer Lawrence,2,6
Jennifer Lien,1,3
Jennifer Morrison,1,3
Jennifer Saunders,1,3
Jennifer Ulrich,1,3
Jeon Gook-Hwan,1,3
Jeremy Irons,2,6
Jeremy Renner,3,9
Jeremy Strong,2,6
Jerome Flynn,1,3
Jerry Lewis,1,3
Jerry Nelson,1,3
Jerry O'Connell,1,3
Jerry Zucker,1,3
Jerzy Stuhr,1,3
Jesse Borrego,1,3
Jesse Corti,1,3
Jesse Eisenberg,2,6
Jessica Biel,1,3
Jessica Chastain,2,6
Jessica Lange,2,6
Jessica Tandy,2,6
Jessie Royce Landis,1,3
Jet Li,2,6
Ji-Eun Lim,1,3
Jim Backus,1,3
Jim Carrey,2,6
Jim Caviezel,2,6
Jim Henson,1,3
Jim Kelly,1,3
Jim Sturgess,1,3
Jim Varney,1,3
Jimmy Sheirgill,2,5
Jin Goo,1,3
Jin-mo Joo,1,3
Jingwu Ma,1,3
Jinpachi Nezu,2,5
Jo Hartley,1,3
Jo Van Fleet,1,3
Joan Allen,3,8
Joan Chen,1,3
Joan Crawford,1,3
Joan Cusack,1,3
Joan Fontaine,1,3
Joan Greenwood,1,3
Joanna Cassidy,1,3
Joanne Dru,1,3
Joaquin Phoenix,5,15
Jodi Benson,1,3
Jodie Foster,4,12
Joe Keaton,1,3
Joe Pantoliano,1,3
Joe Pesci,6,15
Joe Russo,4,6
Joel Basman,1,3
Joel Coen,2,6
Joel Edgerton,1,3
Joel Grey,1,3
Johan Heldenbergh,1,3
Johanna ter Steege,1,3
John Belushi,1,3
John Billingsley,1,3
John Boles,1,3
John Boyega,1,3
John Buckwalter,1,3
John C. Reilly,1,3
John Cameron Mitchell,1,3
John Candy,2,6
John Carradine,2,6
John Cassavetes,2,6
John Castle,2,6
John Cazale,3,9
John Cho,1,3
John Cleese,2,5
John Cusack,1,3
John Dall,1,3
John Fiedler,2,6
John Fraser,1,3
John Gallagher Jr.,1,3
John Gavin,1,3
John Getz,1,3
John Gielgud,2,6
John Goodman,5,14
John Haycraft,1,3
John Heard,1,3
John Hillerman,1,3
John Hodgman,1,3
John Hodiak,1,3
John Hubley,1,3
John Hurt,3,9
John Huston,1,3
John Leguizamo,1,3
John Lennon,1,3
John Lone,1,3
John Lurie,1,3
John Mahoney,1,3
John Malkovich,3,9
John Matthews,1,3
John McGiver,1,3
John Megna,1,3
John Musker,3,9
John Payne,1,3
John Rafter Lee,1,3
John Randolph,1,3
John Ratzenberger,1,3
John Rhys-Davies,1,3
John Ridgely,1,3
John Ritter,1,3
John Roselius,1,3
John Savage,1,3
John Saxon,1,3
John Sharian,1,3
John Travolta,1,3
John Turturro,3,7
John Wayne,6,16
John Williams,1,3
John Wray,1,3
Johnny Depp,9,27
Johnny Sekka,1,3
Jon Bernthal,3,9
Jon Hamm,1,3
Jon Lovitz,1,3
Jon Voight,3,9
Jonah Hill,2,6
Jonathan Pryce,1,3
Jonathan Rhys Meyers,1,3
Jong-ho Kim,1,3
Jonny Lee Miller,1,3
Jordan Nagai,1,3
Jose Coronado,2,6
Josef Altin,1,3
Joseph A. Carpenter,1,3
Joseph Calleia,2,6
Joseph Cotten,3,8
Joseph Fiennes,1,3
Joseph Gordon-Levitt,4,12
Joseph Lee,1,3
Joseph Melito,1,3
Joseph Schildkraut,1,3
Josh Brolin,6,18
Josh Charles,1,3
Josh Hartnett,2,6
Josh Lucas,1,3
Josh O'Connor,1,3
José Baviera,1,3
José Lewgoy,1,3
Joséphine Lebas-Joly,1,3
Joyce Carey,1,3
Juan Ferrara,1,3
Judd Hirsch,1,3
Judd Nelson,1,3
Jude Law,3,9
Judi Dench,3,8
Judith Anderson,1,3
Judith O'Dea,1,3
Judy Davis,1,3
Julia Greer,1,3
Julia Jones,1,3
Julia Ormond,1,3
Julia Roberts,2,6
Julia Stiles,1,3
Julian Arahanga,1,3
Julian Dennison,2,6
Julian Sands,1,3
Juliane Köhler,1,3
Julianne Moore,6,18
Julianne Nicholson,1,3
Julie Andrews,2,6
Julie Christie,3,8
Julie Delpy,5,12
Julie Hagerty,1,3
Julie Harris,1,3
Julie Kavner,1,3
Julie Walters,1,3
Juliette Binoche,1,3
Juliette Lewis,1,3
Juliette Mayniel,1,3
Jun Ji-Hyun,1,3
June Squibb,1,3
Jung-woo Ha,2,6
Junko Iwao,1,3
Justin Bartha,1,3
Justin Braine,1,3
Justin Henry,1,3
Justin Theroux,2,6
Justin Timberlake,1,3
Justine Waddell,1,3
Jyoti Malshe,1,3
Jürgen Prochnow,1,3
Jürgen Vogel,1,3
Jüri Järvet,1,3
Ka Tung Lam,1,3
Kad Merad,1,3
Kagiso Kuypers,1,3
Kaitlyn Dever,1,3
Kajol,2,5
Kalina Jedrusik,1,3
Kalki Koechlin,1,3
Kamatari Fujiwara,1,3
Kang Hye-jeong,1,3
Kang-ho Song,4,12
Kangana Ranaut,1,3
Kappei Yamaguchi,1,3
Kara Hayward,1,3
Kareena Kapoor,3,8
Karen Allen,1,3
Karen Morley,1,3
Kari Sylwan,1,3
Karina Arroyave,1,3
Karisma Kapoor,1,3
Karl Hardman,1,3
Karl Malden,3,8
Karlheinz Böhm,1,3
Kasi Lemmons,1,3
Kassie Wesley DePaiva,1,3
Kasumi Arimura,1,3
Kate Ashfield,1,3
Kate Hudson,1,3
Kate Mara,1,3
Kate Winslet,5,13
Katharine Hepburn,6,17
Katharine Houghton,1,3
Katharine Ross,2,6
Katherine Helmond,1,3
Kathryn McGuire,1,3
Kathy Bates,4,12
Katie A. Keane,1,3
Katrin Cartlidge,2,6
Katrin Saß,1,3
Katrina Kaif,1,3
Katsunosuke Hori,1,3
Kawsar Al Haddad,1,3
Kay Kay Menon,1,3
Kayoko Kishimoto,1,3
Kazuko Yoshiyuki,1,3
Kazunari Ninomiya,1,3
Kazuya Tsurumaki,1,3
Keanu Reeves,1,3
Keenan Wynn,1,3
Keiju Kobayashi,1,3
Keiko Tsushima,1,3
Keiko Yokozawa,1,3
Keir Dullea,1,3
Keira Knightley,4,11
Keith David,2,6
Kelsey Asbille,1,3
Kemp Powers,1,3
Ken Foree,1,3
Ken Leung,1,3
Ken Stott,1,3
Ken Watanabe,4,12
Ken'ichi Hagiwara,1,3
Ken'ichi Matsuyama,1,3
Kenneth Branagh,1,3
Kenshô Ono,1,3
Keri Russell,1,3
Kermit the Frog,1,3
Kerry Washington,3,8
Kevin Bacon,6,18
Kevin Costner,4,12
Kevin Jarre,1,3
Kevin McCarthy,1,3
Kevin McKidd,1,3
Kevin Peter Hall,1,3
Kevin Spacey,5,15
Ki-duk Kim,1,3
Kiara Advani,1,3
Kiefer Sutherland,1,3
Kim Basinger,1,3
Kim Byeong-Ok,1,3
Kim Greist,1,3
Kim Hunter,2,6
Kim Min-hee,1,3
Kim Novak,1,3
Kim Sang-kyung,1,3
Kim Tae-Woo,1,3
Kim Uylenbroek,1,3
Kim Yoon-seok,1,3
Kim Young-Min,1,3
Kimberly Stringer,1,3
King Donovan,1,3
Kirin Kiki,1,3
Kirk Acevedo,1,3
Kirk Douglas,4,12
Kirk Wise,1,3
Kirron Kher,1,3
Kirsten Dunst,1,3
Kirsten Sheridan,1,3
Kirti Kulhari,1,3
Kishori Ballal,1,3
Kiyoshi Kobayashi,1,3
Klaus Kinski,2,6
Klaus Wennemann,1,3
Kodi Smit-McPhee,1,3
Kong Chu,1,3
Konkona Sen Sharma,1,3
Konstantin Lavronenko,1,3
Kotoe Hatsui,1,3
Koyu Rankin,1,3
Kristen Wiig,1,3
Kristina Adolphson,1,3
Kumud Mishra,2,6
Kurt Fuller,1,3
Kurt Russell,4,12
Kyle Chandler,1,3
Kyle MacLachlan,1,3
Kyung-jin Lee,1,3
Kyôko Kagawa,1,3
Kátia Lund,1,3
Kåre Hedebrant,1,3
Kôichi Yamadera,2,6
Lady Gaga,1,3
Laia Costa,1,3
Laila Robins,1,3
Lamberto Maggiorani,1,3
Lance Henriksen,1,3
Lari White,1,3
Larry Gates,1,3
Lars Ranthe,1,3
Lasse Fogelstrøm,1,3
Laura Dern,4,12
Laura Harring,1,3
Laura Linney,2,6
Laura Obiols,2,6
Laura Vasiliu,1,3
Lauren Bacall,4,10
Lauren Ridloff,1,3
Laurence Fishburne,2,6
Laurence Harvey,1,3
Laurence Olivier,3,9
Lawrence A. Bonney,1,3
Lazar Ristovski,1,3
Lea Massari,1,3
Lea Thompson,2,4
Leandro Firmino,1,3
Lee Byung-Hun,2,6
Lee Grant,1,3
Lee J. Cobb,3,9
Lee Marvin,2,6
Lee Pace,1,3
Lee Remick,1,3
Lee Sun-kyun,1,3
Lee Unkrich,3,9
Lee Van Cleef,2,5
Lee Yeong-ae,1,3
Leigh Whannell,1,3
Leila Hatami,1,3
Leila Hyams,1,3
Leland Orser,1,3
Leland Palmer,1,3
Lembit Ulfsak,1,3
Lena Endre,1,3
Lena Headey,1,3
Lena Nyman,1,3
Leo G. Carroll,1,3
Leo McKern,1,3
Leon Lai,1,3
Leonard Frey,1,3
Leonard Nimoy,2,6
Leonardo DiCaprio,11,32
Leonie Benesch,1,3
Leonor Watling,1,3
Lesley Sharp,1,3
Leslie Cheung,1,3
Leslie Nielsen,1,3
Leslie Odom Jr.,1,3
Lew Ayres,1,3
Lewis Black,1,3
Li Sun,1,3
Liam Aiken,1,3
Liam Cunningham,1,3
Liam Neeson,4,12
Lianella Carell,1,3
Liesel Matthews,1,3
Liev Schreiber,2,6
Lil Dagover,1,3
Lillete Dubey,1,3
Lillian Gish,1,3
Lillo Brancato,1,3
Lilly Wachowski,1,3
Lily Franky,1,3
Lin-Manuel Miranda,1,3
Lina Leandersson,1,3
Linda Blair,1,3
Linda Cardellini,1,3
Linda Hamilton,2,5
Linda Larkin,1,3
Linda Manz,1,3
Linda Zilliacus,1,3
Lindsay Duncan,1,3
Linh Dan Pham,1,3
Lionel Barrymore,2,6
Lisa Hannigan,1,3
Lisa Haydon,1,3
Lisa Spoonauer,1,3
Lisanne Falk,1,3
Liubomiras Laucevicius,1,3
Liv Ullmann,3,9
Liza Minnelli,1,3
Ljubica Adzovic,1,3
Lloyd Avery II,1,3
Lloyd Bridges,1,3
Logan Lerman,2,6
Lola Dueñas,1,3
Lorelei Linklater,1,3
Lorella Cravotta,1,3
Lori Martin,1,3
Lorraine Bracco,1,3
Lorraine Gary,1,3
Lou Romano,1,3
Louis Calhern,1,3
Louis Eppolito,1,3
Louis Hofmann,1,3
Louis Prima,1,3
Louis Wolheim,1,3
Louise Fletcher,1,3
Louise Lemoine Torrès,1,3
Loveleen Tandan,1,3
Lubna Azabal,1,3
Lucas Hedges,1,3
Lucie Mannheim,1,3
Lucy Boynton,1,3
Lucy Davis,1,3
Lucy Liu,2,6
Luis Guzmán,1,3
Luis Tosar,1,3
Luke Bracey,1,3
Luàna Bajrami,1,3
Lydia Wilson,1,3
Lyubov Agapova,1,3
Léa Seydoux,1,3
Mabel Rivera,1,3
Macaulay Culkin,1,3
Macdonald Carey,1,3
Machiko Kyô,1,3
Mack Swain,1,3
Mackenzie Foy,2,6
Madeleine Carroll,1,3
Madeleine Stowe,2,6
Madeline Carroll,1,3
Madeline Kahn,2,6
Madhavan,3,9
Mads Mikkelsen,4,11
Mae Clarke,1,3
Magali Noël,1,3
Maggie Cheung,2,5
Maggie Grace,1,3
Maggie Smith,1,3
Magnus Millang,1,3
Mahershala Ali,1,3
Mahesh Manjrekar,1,3
Mahie Gill,2,6
Mahito Tsujimura,1,3
Makio Inoue,1,3
Malcolm McDowell,1,3
Malin Akerman,1,3
Mamaengaroa Kerr-Bell,1,3
Mami Koyama,1,3
Mandy Moore,1,3
Mandy Patinkin,1,3
Manjot Singh,1,3
Manoj Bajpayee,2,6
Manuel Morón,1,3
Mara Krupp,1,3
Marc-André Grondin,1,3
Marcel Dalio,1,3
Marcello Mastroianni,2,5
Marcia Gay Harden,2,6
Marco Giallini,1,3
Mare Winningham,1,3
Margaret Avery,1,3
Margaret Livingston,1,3
Margaret Lockwood,1,3
Margaret Sullavan,1,3
Margaret Wycherly,1,3
Margaretha Krook,1,3
Margarita Terekhova,1,3
Margot Robbie,2,5
Maria Doyle Kennedy,1,3
Maria Falconetti,1,3
Maria Grazia Cucinotta,1,2
Maria Monti,1,3
Marianne Koch,1,3
Maribel Verdú,2,6
Marie-Josée Croze,1,3
Marie-Laure Dougnac,1,3
Mariel Hemingway,1,3
Marilyn Eastman,1,3
Marilyn Ghigliotti,1,3
Marilyn Monroe,1,3
Marina Vasileva,1,3
Marina de Tavira,1,3
Mario Casas,1,3
Marion Cotillard,3,9
Marion Mack,1,2
Marisa Berenson,1,3
Marisa Paredes,2,6
Marisa Tomei,2,6
Marius Goring,1,3
Marjane Satrapi,1,3
Mark Boone Junior,1,3
Mark Hamill,3,4
Mark Margolis,1,3
Mark Ruffalo,7,17
Mark Rydell,1,3
Mark Rylance,2,6
Mark Strong,1,3
Mark Wahlberg,3,9
Markus Rygaard,1,3
Markéta Irglová,1,3
Marlene Dietrich,2,6
Marlon Brando,4,11
Marlon Wayans,1,3
Martha Vickers,1,3
Martin Balsam,3,9
Martin Freeman,3,7
Martin Landau,2,6
Martin Milner,1,3
Martin Sheen,3,9
Martin Stringer,1,3
Martina Gedeck,1,3
Marty Feldman,1,3
Mary Astor,1,3
Mary Elizabeth Mastrantonio,1,3
Mary Kay Bergman,1,3
Mary McDonnell,2,6
Mary Steenburgen,2,6
Mary Stuart Masterson,1,3
Mary Tyler Moore,1,3
Mary Ure,1,3
Mary-Louise Parker,1,3
Maryana Spivak,1,3
María Marull,1,3
María Mercedes Villagra,1,3
Marília Pêra,1,3
Masaaki Ôkura,1,3
Masahiko Nishimura,1,3
Masahiro Motoki,1,3
Masaki Okada,1,3
Masayuki Mori,1,3
Massimo Troisi,1,4
Matheus Nachtergaele,1,3
Mathieu Amalric,2,6
Mathieu Kassovitz,1,3
Matt Damon,11,31
Matt Stone,1,3
Matthew Broderick,3,9
Matthew Edison,1,3
Matthew Goode,2,6
Matthew Macfadyen,1,3
Matthew McConaughey,6,18
Matthew Modine,1,3
Matvey Novikov,1,3
Maureen O'Hara,2,6
Maureen O'Sullivan,1,3
Maurice Evans,1,3
Maurice Schutz,1,3
Max Phipps,1,3
Max Riemelt,1,3
Max Schreck,1,3
Max von Sydow,4,12
Maxim Gaudette,1,3
Maxine Audley,1,3
May Whitty,1,3
Mayu Matsuoka,1,3
Mayumi Izuka,1,3
Mayumi Tanaka,1,3
Mckenna Grace,1,3
Meat Loaf,1,3
Meena,1,3
Meg Ryan,1,3
Megs Jenkins,1,3
Megumi Hayashibara,2,6
Megumi Ogata,1,3
Mehdi Nebbou,1,3
Mel Gibson,3,9
Melinda Dillon,2,6
Melisa Sözen,1,3
Melissa Benoist,1,3
Melissa Leo,2,6
Melora Walters,1,3
Melvyn Douglas,2,6
Mercedes Morán,1,3
Merila Zare'i,1,3
Merna Kennedy,1,3
Mervyn LeRoy,1,3
Meryl Streep,4,12
Mete Horozoglu,1,3
Mia Farrow,4,12
Mia Sara,1,3
Michael Ansara,1,3
Michael B. Jordan,2,6
Michael Bates,1,3
Michael Beck,1,3
Michael Berryman,1,3
Michael Biehn,2,6
Michael Caine,9,25
Michael Clarke Duncan,1,3
Michael Douglas,2,6
Michael Ealy,1,3
Michael Fassbender,2,6
Michael Gambon,2,3
Michael J. Fox,2,4
Michael J. Pollard,1,3
Michael Keaton,2,6
Michael Kenneth Williams,1,3
Michael Lee Gogin,1,3
Michael Madsen,4,9
Michael McKean,2,6
Michael Murphy,1,3
Michael Nyqvist,1,3
Michael Palin,1,3
Michael Peña,1,3
Michael Preston,1,3
Michael Redgrave,2,6
Michael Rennie,1,3
Michael Schwartz,1,3
Michael Sheen,1,3
Michael Strong,1,3
Michael Stuhlbarg,2,6
Michael York,1,3
Michel Auclair,1,3
Michel Côté,1,3
Michel Piccoli,1,3
Michel Robin,1,3
Michelle Dockery,1,3
Michelle La,1,3
Michelle Monaghan,1,3
Michelle Pfeiffer,2,6
Michelle Reis,1,3
Michelle Rodriguez,1,3
Michelle Williams,3,9
Michelle Yeoh,1,3
Michèle Caucheteux,1,3
Mick Lally,1,3
Mickey Rourke,2,6
Miguel Ángel Fuentes,1,3
Mikael Persbrandt,1,3
Mike Myers,1,3
Mike Vitar,1,3
Miki Imai,1,3
Mikkel Boe Følsgaard,1,3
Mila Kunis,1,3
Mila Parély,1,3
Miles Teller,2,6
Milhem Cortaz,2,4
Milla Jovovich,1,3
Mina Sadati,1,3
Minami Takayama,1,3
Ming-Na Wen,1,3
Minori Terada,1,3
Minoru Chiaki,2,5
Miori Takimoto,1,3
Mirai Shida,1,3
Miranda Richardson,1,3
Miriam Shor,1,3
Mirjana Jokovic,1,3
Misa Uehara,1,3
Misha Meskhi,1,3
Miss Piggy,1,3
Mitchell Ryan,1,3
Mitchell Whitfield,1,3
Mithun Chakraborty,1,3
Mitsuo Iwata,1,3
Mitsutaka Itakura,1,3
Miyu Irino,2,6
Mohammad Amir Naji,1,3
Mohanlal,1,3
Mohit Raina,1,3
Moira Shearer,2,6
Molly Picon,1,3
Molly Ringwald,1,3
Mona Singh,1,3
Mone Kamishiraishi,1,3
Monica Viegas,1,3
Monica Vitti,1,3
Montgomery Clift,2,6
Moon So-Ri,1,3
Morena Baccarin,2,5
Morgan Freeman,7,20
Moritz Bleibtreu,3,9
Muhammet Uzuner,1,3
Mustafa Kamel,1,3
Myrna Loy,2,6
Mélanie Laurent,1,3
Mélanie Thierry,1,3
Mélissa Désormeaux-Poulin,1,3
Mía Maestro,1,3
Mónica Villa,1,3
Nafise Jafar-Mohammadi,1,3
Nakul Roshan Sahdev,1,3
Nanako Matsushima,1,3
Nancy Kyes,1,3
Nancy Olson,1,3
Naomi Watts,3,9
Naomie Harris,2,6
Nargis Fakhri,1,3
Naseeruddin Shah,1,3
Nastassja Kinski,1,3
Nat Pendleton,1,3
Nat Wolff,1,3
Natalie Dessay,1,3
Natalie Portman,3,9
Natalie Wood,1,3
Nataliya Vdovina,1,3
Natalya Bondarchuk,1,3
Nathalie Boltt,1,3
Nathalie Delon,1,3
Nathan Fillion,1,3
Nawazuddin Siddiqui,4,12
Ned Beatty,2,6
Neena Gupta,1,3
Neeraj Kabi,1,3
Neeral Mulchandani,1,3
Neil Brown Jr.,1,3
Neil Patrick Harris,1,3
Nell Cattrysse,1,3
Nicholas Hoult,1,3
Nick Frost,2,5
Nick Moran,1,3
Nick Nolte,2,6
Nick Offerman,1,3
Nicolas Bro,1,3
Nicolas Cage,3,9
Nicole Kidman,3,9
Nicoletta Braschi,2,5
Niels Arestrup,1,3
Nigel Havers,1,3
Nikolay Burlyaev,1,3
Nikolay Grinko,2,5
Nikolay Sergeev,1,3
Nils Poppe,1,3
Nimrat Kaur,2,6
Nina Petri,1,3
Nina van Pallandt,1,3
Nisa Sofiya Aksongur,1,3
Noah Emmerich,1,3
Nobuo Kaneko,1,3
Noomi Rapace,1,3
Nora Gregor,1,3
Nora Twomey,1,3
Nora-Jane Noone,1,3
Noriko Hidaka,1,3
Norma Crane,1,3
Norman Ferguson,1,3
Norman Reedus,1,3
Norman Taurog,1,3
Nozomu Sasaki,1,3
Noémie Merlant,1,3
Nurgül Yesilçay,1,3
Nursel Köse,1,3
O'Shea Jackson Jr.,1,3
O.J. Simpson,1,3
Octavia Spencer,3,9
Oka Antara,1,3
Oksana Akinshina,1,3
Oleg Yankovskiy,1,3
Olga Baclanova,1,3
Olga Mironova,1,3
Oliver Reed,1,3
Oliver Stokowski,1,3
Olivia Cooke,2,6
Olivia Wilde,1,3
Olivia Williams,2,6
Olivia de Havilland,1,3
Omar Sharif,1,3
Omar Sy,1,3
Oprah Winfrey,1,3
Orlando Bloom,4,7
Orson Welles,3,8
Orto Ignatiussen,1,3
Osamu Saka,1,3
Oscar Isaac,2,5
Oskar Werner,1,3
Ossie Davis,1,3
Otto Preminger,1,3
Otto Sander,1,3
Otto Wernicke,1,3
Owen Wilson,2,6
Ozan Güven,1,3
Pablo Rago,1,3
Paddy Considine,3,9
Paige O'Hara,1,3
Pamela Adlon,1,3
Paolo Bonacelli,1,3
Paprika Steen,2,5
Parambrata Chattopadhyay,1,3
Paresh Rawal,4,11
Pascal Benezech,1,3
Pascal Greggory,1,3
Patricia Arquette,4,12
Patricia Clarkson,1,3
Patricia Neal,2,6
Patrick Fugit,1,3
Patrick Horgan,1,3
Patrick Huard,1,3
Patrick Magee,2,6
Patrick McGoohan,2,6
Patrick Renna,1,3
Patrick Stewart,2,5
Patrick Wilson,1,3
Patrick Wymark,1,3
Patton Oswalt,1,3
Paul Benjamin,1,3
Paul Bettany,1,3
Paul Dano,1,3
Paul Frankeur,1,3
Paul Freeman,1,3
Paul Giamatti,2,6
Paul Henreid,1,3
Paul Lukas,1,3
Paul McCartney,1,3
Paul McGann,1,3
Paul Meurisse,1,3
Paul Muni,1,3
Paul Newman,6,16
Paul Raci,1,3
Paul Reiser,2,6
Paul Rudd,1,3
Paul Sanchez,1,3
Paul Scofield,1,3
Paul Winfield,1,3
Paulette Dubost,1,3
Paulette Goddard,2,5
Pauline Burlet,1,3
Pavel Ponomaryov,1,3
Pawan Malhotra,1,3
Payman Maadi,1,3
Penelope Allen,1,3
Penelope Ann Miller,1,3
Penélope Cruz,2,6
Per Ragnar,1,3
Pernilla Allwin,1,3
Perry Lopez,1,3
Pete Postlethwaite,1,3
Peter Billingsley,1,3
Peter Boyle,1,3
Peter Brocco,1,3
Peter Bull,1,3
Peter Coyote,1,3
Peter Dinklage,1,3
Peter Finch,1,3
Peter Lorre,2,6
Peter O'Toole,3,9
Peter Ostrum,1,3
Peter Ramsey,1,3
Peter Sellers,3,9
Peter Stormare,1,3
Peter Wyngarde,1,3
Peter van Eyck,1,3
Phil Harris,1,3
Phil Lord,1,3
Philip Chan,1,3
Philip King,1,3
Philip Seymour Hoffman,6,18
Philippe Noiret,2,5
Phillip Terry,1,3
Phillipa Soo,1,3
Phylicia Rashad,1,3
Phyllis Logan,1,3
Pierre Barbaud,1,3
Pierre Brasseur,1,3
Pierre Fresnay,1,3
Ping Lam Siu,1,3
Piper Laurie,1,3
Polly Bergen,1,3
Porter Hall,1,3
Prabhas,2,5
Prakash Belawadi,1,3
Prateik,1,3
Predrag 'Miki' Manojlovic,1,3
Preity Zinta,3,7
Priscilla Lane,1,3
Priscilla Presley,1,3
Priya Anand,1,3
Priyanka Chopra,1,3
Pruitt Taylor Vince,1,3
Pupella Maggio,1,3
Pushkar,1,3
Qiu Yuen,1,3
Quentin Tarantino,1,3
Quinton Aaron,1,3
R. Lee Ermey,1,3
RJ Cyler,1,3
Rachel Griffiths,1,3
Rachel House,1,3
Rachel McAdams,6,18
Rachel Shelley,1,3
Rachel Ticotin,1,3
Rachel Weisz,1,3
Radha Mitchell,2,6
Radhika Apte,1,3
Raghuvir Yadav,1,3
Rajat Barmecha,1,3
Rajat Kapoor,1,3
Rajesh Abhay,1,3
Rajesh Khanna,1,3
Rajit Kapoor,1,3
Rajkummar Rao,2,6
Ralph Bellamy,1,3
Ralph Brown,1,3
Ralph Fiennes,3,9
Ralph Macchio,1,3
Ralph Meeker,1,3
Ralph Richardson,1,3
Ram Kapoor,1,3
Ramachandra Raju,1,3
Ramesh Deo,1,3
Rami Malek,1,3
Ramon Bieri,1,3
Ramya Krishnan,1,3
Rana Daggubati,3,8
Ranbir Kapoor,2,6
Randy Quaid,1,3
Rani Mukerji,2,6
Ranveer Singh,1,3
Raoul Max Trujillo,1,3
Raphael Fejtö,1,3
Rashida Jones,1,3
Raveena Tandon,1,3
Ray Liotta,1,3
Ray Milland,2,6
Ray Sahetapy,1,3
Ray Walston,1,3
Raymond Massey,2,6
Rebecca De Mornay,1,3
Reda Kateb,1,3
Reese Witherspoon,1,3
Regina King,1,3
Reginald Gardiner,1,3
Reginald VelJohnson,1,3
Rei Sakuma,1,3
Ren Osugi,1,3
Rena Owen,1,3
Rene Auberjonois,1,3
Rene Bitorajac,1,3
Rene Russo,1,3
Reni Santoni,1,3
Renée Elise Goldsberry,1,3
Renée Zellweger,1,3
Rex Harrison,1,3
Rhonda Fleming,1,3
Rica Matsumoto,1,3
Ricardo Darín,2,6
Ricardo Montalban,1,3
Rich Moore,1,3
Richa Chadha,1,3
Richard Armitage,2,4
Richard Attenborough,2,6
Richard Basehart,1,3
Richard Briers,1,3
Richard Burton,2,6
Richard Crenna,2,6
Richard Dormer,1,3
Richard Dreyfuss,2,6
Richard E. Grant,1,3
Richard Edson,1,3
Richard Farnsworth,2,6
Richard Gere,3,9
Richard Griffiths,2,6
Richard Harris,2,6
Richard Haydn,1,3
Richard Hunt,1,3
Richard Jenkins,1,3
Richard Masur,1,3
Richard Rosson,1,3
Richard Thorpe,1,3
Richard Widmark,1,3
Ricky Adelayitor,1,3
Ricky Nelson,1,3
Riisa Naka,1,3
Rima Te Wiata,1,3
Ringo Starr,1,3
Rita Hayworth,1,3
River Phoenix,1,3
Riz Ahmed,2,6
Rob Maxey,1,3
Rob Minkoff,1,3
Rob Reiner,1,3
Robby Benson,1,3
Robert Armstrong,1,3
Robert Arthur,1,3
Robert Cummings,1,3
Robert De Niro,17,45
Robert Donat,1,3
Robert Downey Jr.,7,14
Robert Duvall,4,12
Robert Gulaczyk,1,3
Robert Hays,1,3
Robert Manuel,1,3
Robert Mitchum,3,9
Robert Morley,1,3
Robert Patrick,2,6
Robert Redford,3,8
Robert Rodriguez,1,3
Robert Ryan,1,3
Robert Sean Leonard,1,3
Robert Shaw,4,12
Robert Stack,1,3
Robert Strauss,1,3
Robert Walker,1,3
Roberta Maxwell,1,3
Roberto Benigni,2,5
Roberts Blossom,1,3
Robin Williams,4,12
Robin Wright,3,9
Rock Hudson,1,3
Rod Steiger,4,12
Rod Taylor,1,3
Roddy McDowall,1,3
Rodney A. Grant,1,3
Rodney Rothman,1,3
Rodrigo De la Serna,1,3
Roe-ha Kim,1,3
Rohini Hattangadi,1,3
Roland Møller,1,3
Rolf Lassgård,2,6
Roman Griffin Davis,1,3
Roman Madyanov,1,3
Roman Polanski,1,3
Romolo Valli,1,3
Ron Livingston,1,3
Ronit Roy,1,3
Ronnie Del Carmen,1,3
Ronny Cox,1,3
Rooney Mara,4,12
Rory Cochrane,1,3
Rosalind Russell,1,3
Rosamund Pike,1,3
Rosanna Arquette,1,3
Rosario Dawson,2,6
Rosario Flores,1,3
Roscoe Ates,1,3
Roscoe Karns,1,3
Rosemarie DeWitt,1,3
Rosemary Murphy,1,3
Roshan Seth,1,3
Rosie Shaw,1,3
Roy Dotrice,1,3
Roy Kinnear,1,3
Roy Scheider,3,9
Ruby Dee,1,3
Rudolf Klein-Rogge,1,3
Rudy Youngblood,1,3
Rufus,1,3
Rufus Sewell,2,6
Rumi Hiiragi,1,3
Ruocheng Ying,1,3
Rupert Friend,1,3
Rupert Graves,1,3
Rupert Grint,6,8
Russell Brand,1,3
Russell Crowe,7,20
Russell Means,1,3
Rusty Schwimmer,1,3
Rutger Hauer,1,3
Ruth Gordon,2,6
Ruth Hussey,1,3
Ruth Nelson,1,3
Ruth Roman,1,3
Ruy Guerra,1,3
Ryan Gosling,5,15
Ryan Hurst,1,3
Ryan O'Neal,2,6
Ryan Potter,1,3
Ryan Reynolds,2,5
Ryûnosuke Kamiki,2,6
Ryô Kase,1,3
Ryô Narita,1,3
Ryôko Hirosue,1,3
Sabrina Ferilli,1,3
Sacha Baron Cohen,1,3
Sady Rebbot,1,3
Sae-ron Kim,1,3
Saeed Jaffrey,1,3
Safak Sezer,1,3
Sagarika Ghatge,1,3
Sahil Vaid,1,3
Saif Ali Khan,2,5
Saifei He,1,3
Sakshi Tanwar,1,3
Sakura Andô,1,3
Sal Mineo,1,3
Salim Kechiouche,1,3
Sally Field,1,3
Sally Hawkins,1,3
Sally Yeh,1,3
Salman Khan,2,6
Sam Elliott,2,6
Sam Jaffe,1,3
Sam Neill,2,6
Sam Riley,1,3
Sam Rockwell,3,9
Sam Shepard,2,6
Sam Waterston,1,3
Sam Wood,1,3
Sam Worthington,2,6
Samantha Isler,1,3
Samantha Morton,4,12
Samia Kerbash,1,3
Samuel Armstrong,1,3
Samuel E. Wright,1,3
Samuel L. Jackson,6,17
Sandra Bernhard,1,3
Sandra Bullock,3,9
Sandra Milo,1,3
Sandy Dennis,1,3
Sanjana Sanghi,1,3
Sanjay Dutt,3,7
Sanjeev Kumar,1,3
Sanya Malhotra,2,6
Saoirse Ronan,2,6
Saori Hayami,1,3
Sara Takatsuki,1,3
Sarah Berry,1,3
Sarah Bolger,1,3
Sarah Jessica Parker,1,3
Sarah Miles,1,3
Sarah Polley,1,3
Sarah Roemer,1,3
Sarah Silverman,1,3
Sarah Vowell,1,3
Sareh Bayat,1,3
Saswata Chatterjee,1,3
Sathyaraj,1,3
Saurabh Shukla,2,6
Saïd Taghmaoui,1,3
Scarlett Johansson,9,23
Scatman Crothers,1,3
Scott Adsit,1,3
Scott Glenn,2,6
Scott H. Reiniger,1,3
Scott Schwartz,1,3
Scott Weinger,1,3
Seamus Davey-Fitzpatrick,1,3
Sean Astin,1,3
Sean Bean,1,3
Sean Bridgers,1,3
Sean Connery,5,15
Sean Patrick Flanery,1,3
Sean Penn,6,18
Sean Young,1,3
Sebastian Cabot,1,3
Sebastian Koch,2,6
Sebastian Maniscalco,1,3
Sela Ward,1,3
Sener Sen,1,3
Sergi López,1,3
Sermin Hürmeriç,1,3
Sessue Hayakawa,1,3
Seth Rogen,1,3
Setsuko Hara,1,3
Seung-Yun Lee,1,3
Seymour Cassel,1,3
Shah Rukh Khan,6,16
Shahab Hosseini,3,8
Shahid Kapoor,3,8
Shailene Woodley,1,3
Shameik Moore,1,3
Shammi Kapoor,1,3
Sharlto Copley,1,3
Sharman Joshi,2,5
Sharon Percy,1,3
Sharon Stone,1,3
Sheetal Menon,1,3
Shelley Duvall,1,3
Shelley Winters,1,3
Shernaz Patel,1,3
Shigeru Muroi,1,3
Shigesato Itoi,1,3
Shilpa Shukla,1,3
Shima Iwashita,1,3
Shin Ha-kyun,1,3
Shin'ichi Himori,1,3
Shinpachi Tsuji,1,3
Shirley Eaton,1,3
Shirley MacLaine,2,6
Shishir Sharma,1,3
Shraddha Kapoor,2,6
Shraddha Srinath,1,3
Shriya Saran,1,3
Shûichirô Moriyama,1,3
Shôgo Furuya,1,3
Sibel Kekilli,1,3
Siddharth,1,3
Sidney Blackmer,1,3
Sidney Poitier,2,6
Sidse Babett Knudsen,1,3
Sienna Miller,1,3
Sigourney Weaver,4,12
Silvia Pinal,1,3
Simon Pegg,4,11
Simon Yam,1,3
Simone Signoret,1,3
Sissy Spacek,2,6
Siu-Lung Leung,1,3
Siu-Wong Fan,1,3
Slavko Stimac,1,3
Slim Pickens,1,3
Smit Sheth,1,3
Soha Ali Khan,1,3
Sohum Shah,2,6
Soia Lira,1,3
Soledad Villamil,1,3
Solveig Dommartin,1,3
Sonam Kapoor,1,3
Sondra Locke,1,3
Song Wok-suk,1,3
Sonia Todd,1,3
Sonoya Mizuno,1,3
Sophie Kennedy Clark,1,3
Sophie Marceau,1,3
Sophie Okonedo,1,3
Sophie Perry,1,3
Spencer Tracy,3,9
Spike Lee,1,3
Srdjan 'Zika' Todorovic,1,3
Sridevi,1,3
Srinidhi Shetty,1,3
Stanislas Carré de Malberg,1,3
Stanley Baker,1,3
Stanley Holloway,2,6
Stefania Sandrelli,1,3
Stella Dassas,1,3
Stellan Skarsgård,3,9
Stephen Baldwin,1,3
Stephen Boyd,1,3
Stephen Chow,1,3
Stephen Graham,1,3
Stephen Rea,1,3
Stephen Tobolowsky,1,3
Stephen Trask,1,3
Stephen Young,1,3
Sterling Hayden,3,9
Steve Buscemi,1,3
Steve Carell,3,9
Steve Coogan,1,3
Steve Martin,1,3
Steve McQueen,3,8
Steve Zahn,1,3
Steven Bauer,1,3
Strother Martin,2,5
Stuart Wolfenden,1,3
Sully Boyar,1,3
Sumi Shimamoto,1,3
Sumita Sanyal,1,3
Sunil Dutt,1,3
Sunil Shetty,1,3
Sunny Pawar,1,3
Suraj Sharma,1,3
Suriya,1,3
Susan Harrison,1,3
Susanne Lothar,1,3
Sushant Singh Rajput,4,12
Susumu Terajima,1,3
Suzanne Clément,1,3
Suzanne Pleshette,2,6
Sylvester Stallone,3,9
Sylvia Hoeks,1,3
Sylvia Miles,1,3
Sylvie Testud,1,3
Sô Yamamura,1,3
T.J. Miller,1,3
Taapsee Pannu,2,6
Tabu,5,15
Tae-Hyun Cha,1,3
Tae-hoon Kim,1,3
Tahar Rahim,2,6
Taika Waititi,2,7
Takako Matsu,1,3
Takao Osawa,1,3
Takashi Shimura,4,10
Takashi Tachibana,1,3
Takeshi Aono,1,3
Takeshi Kaneshiro,2,6
Takeshi Kitano,2,6
Takuya Ishida,1,3
Takuya Kimura,1,3
Talia Shire,2,6
Tallulah Bankhead,1,3
Tamannaah Bhatia,1,3
Taner Birsel,1,3
Taraji P. Henson,1,3
Taraneh Alidoosti,2,5
Taron Egerton,1,3
Tarun Arora,1,3
Tarô Yamamoto,1,3
Tatsuya Fujiwara,3,9
Tatsuya Gashûin,1,3
Tatsuya Nakadai,6,15
Tatum O'Neal,1,3
Telly Savalas,1,3
Temuera Morrison,1,3
Tensai Okamura,1,3
Teo Briones,1,3
Terence Alexander,1,3
Teresa Mo,1,3
Teresa Palmer,1,3
Teresa Wright,2,6
Teri Garr,1,3
Teri Hatcher,1,3
Terrence Howard,1,3
Terry Gilliam,1,3
Terry Jones,1,3
Tessa Mitchell,1,3
Tessa Thompson,1,3
Tesshô Genda,1,3
Tetsurô Tanba,1,3
Thandie Newton,2,6
Thelma Ritter,1,3
Theodore Liscinski,1,3
Thibault Verhaeghe,1,3
Thierry Lhermitte,1,3
Thierry van Werveke,1,3
Thom Hoffman,1,3
Thomas Bo Larsen,3,8
Thomas F. Wilson,1,3
Thomas Kretschmann,1,3
Thomas Mann,1,3
Thomas Mitchell,2,6
Thomas Turgoose,1,3
Thomasin McKenzie,1,3
Thora Birch,1,3
Tigmanshu Dhulia,1,3
Til Schweiger,1,3
Tilda Swinton,2,6
Tim Allen,4,9
Tim Blake Nelson,1,3
Tim Holt,1,3
Tim McGraw,1,3
Tim Robbins,4,12
Tim Roth,2,6
Timothy Bottoms,1,3
Timothy Hutton,1,3
Timothy Spall,1,3
Timothée Chalamet,1,3
Tina Fey,1,3
Tiny Sandford,1,3
Tippi Hedren,1,3
Tisca Chopra,1,3
Tobey Maguire,1,3
Toby Kebbell,1,3
Tokiko Katô,1,3
Tom Berenger,2,6
Tom Cruise,7,21
Tom Guiry,1,3
Tom Hanks,14,38
Tom Hardy,5,15
Tom Helmore,1,3
Tom Hiddleston,1,3
Tom Hulce,1,3
Tom Murray,1,3
Tom Prior,1,3
Tom Sizemore,2,6
Tom Skerritt,1,3
Tom Waits,1,3
Tom Wilkinson,2,5
Tommy Chong,1,3
Tommy Lee Jones,2,6
Tomoko Yamaguchi,1,3
Toni Collette,3,9
Toni Servillo,1,3
Tony Chiu-Wai Leung,5,14
Tony Curtis,2,6
Tony Hale,1,3
Tony Lo Bianco,1,3
Tony Moran,1,3
Tony Roberts,1,3
Tony Todd,1,3
Topol,1,3
Toshirô Mifune,7,16
Toshirô Yanagiba,1,3
Treat Williams,1,3
Trevor Howard,2,6
Trevor Jack Brooks,1,3
Trey Parker,1,3
Trine Dyrholm,1,3
Tsunehiko Kamijô,1,3
Tsutomu Tatsumi,1,3
Tsutomu Yamazaki,2,6
Tsuyoshi Ihara,1,3
Tugba Sunguroglu,1,3
Tuncel Kurtiz,1,3
Tung Cho 'Joe' Cheung,1,3
Tyler Hoechlin,1,3
Tyler Perry,1,3
Tyrone Power,1,3
Tôru Emori,2,6
Tôru Furuya,1,3
Ugur Yücel,1,3
Ulla Jacobsson,1,3
Ulrich Matthes,1,3
Ulrich Mühe,2,6
Ulrich Thomsen,2,5
Ulrich Tukur,2,6
Uma Thurman,4,9
Val Kilmer,3,9
Valentin Zubkov,1,3
Valeria Golino,2,6
Valerie Faris,1,3
Valerie Hobson,2,6
Vanessa Redgrave,1,3
Vanna Urbino,1,3
Varun Sharma,1,3
Veerle Baetens,1,3
Vera Miles,3,8
Verna Bloom,1,3
Vernon Dobtcheff,1,3
Veronica Cartwright,1,3
Vicellous Shannon,1,3
Vicky Jenson,1,3
Vicky Kaushal,2,6
Victor Buono,1,3
Victor Jory,1,3
Victor Sjöström,1,3
Victor Slezak,1,3
Victoria Horne,1,3
Vidya Balan,2,6
Vidya Malvade,1,3
Viggo Mortensen,5,12
Vijay Raaz,1,3
Vijay Sethupathi,1,3
Vijay Varma,1,3
Vin Diesel,3,7
Vince Edwards,1,3
Vince Vaughn,1,3
Vincent Cassel,2,6
Vincent D'Onofrio,1,3
Vincent Price,1,3
Ving Rhames,1,3
Vinícius de Oliveira,1,3
Viola Davis,2,6
Virginia Cherrill,1,3
Virginia Mayo,1,3
Vivian Pickles,1,3
Vivien Leigh,2,6
Vlad Ivanov,1,3
Vladas Bagdonas,1,3
Vladimir Barskiy,1,3
Vladimir Garin,1,3
Vladimir Vdovichenkov,1,3
Vladislav Dvorzhetskiy,1,3
Véra Clouzot,1,3
Wagner Moura,2,4
Wah Yuen,1,3
Wallace Ford,2,6
Walter Brennan,1,3
Walter Catlett,1,3
Walter Connolly,1,3
Walter Hampden,1,3
Walter Huston,1,3
Walter Matthau,4,11
Walter Slezak,1,3
Walton Goggins,1,3
Ward Bond,2,5
Warren Beatty,1,3
Warren Clarke,1,3
Warren Oates,2,6
Wendee Lee,1,3
Wendell Corey,1,3
Wendy Crewson,1,3
Wendy Hiller,1,3
Werner Krauss,1,3
Wes Bentley,1,3
Wesley Addy,1,3
Whoopi Goldberg,1,3
Wil Johnson,1,3
Wil Wheaton,1,3
Wiley Wiggins,2,6
Wilford Brimley,1,3
Wilfrid Hyde-White,1,3
Will Ferrell,1,3
Will Forte,1,3
Will Patton,1,3
Will Poulter,1,3
Will Smith,2,6
Willem Dafoe,5,15
William Atherton,1,3
William Bendix,1,3
William Daniels,1,3
William H. Lynn,1,3
William H. Macy,1,3
William Harrigan,1,3
William Hickey,1,3
William Holden,6,18
William Hurt,1,3
William Keighley,1,3
William Powell,1,3
William Sadler,1,3
William Shatner,1,3
William Sylvester,1,3
Winona Ryder,3,9
Wladyslaw Kowalski,1,3
Wolfgang Lukschy,1,3
Won Bin,3,9
Wood Harris,1,3
Woody Allen,5,13
Woody Harrelson,3,9
Wotan Wilke Möhring,1,3
Xolani Mali,1,3
Yacef Saadi,1,3
Yalitza Aparicio,1,3
Yami Gautam,2,6
Yash,1,3
Yasuo Yamada,1,3
Yayan Ruhian,1,3
Yeong-hie Seo,1,3
Yeong-su Oh,1,3
Yesim Salkim,1,3
Yilmaz Erdogan,2,6
Yoko Honna,2,6
Yong Dong,1,3
Yoo Ji-Tae,1,3
Yoo-Jeong Kim,1,3
Yordanos Shiferaw,1,3
Yoshiaki Umegaki,1,3
Yoshiko Shinohara,1,3
Yoshino Kimura,1,3
Yoshiyuki Takei,1,3
You Ge,1,3
Yukiko Shimazaki,1,3
Yukito Nishii,2,6
Yul Brynner,2,6
Yun Qu,1,3
Yun-Fat Chow,3,9
Yuriko Ishida,1,3
Yutaka Sada,1,3
Yves Montand,1,3
Yvonne Furneaux,2,6
Yû Kashii,1,3
Yûko Miyamura,1,3
Yûko Tanaka,1,3
Yûnosuke Itô,1,3
Yôji Matsuda,1,3
Yôko Tsukasa,1,3
Zac Mattoon O'Brien,1,3
Zach Galifianakis,2,6
Zach Grenier,1,3
Zachary Levi,1,3
Zachary Quinto,2,5
Zack Gottsagen,1,3
Zain Al Rafeea,1,3
Zamira Saunders,1,3
Zarah Jane McKenzie,1,3
Zazie Beetz,1,3
Zbigniew Zamachowski,2,5
Zeppo Marx,1,3
Ziyi Zhang,2,6
Zoe Saldana,4,10
Zooey Deschanel,1,3
Zoë Kravitz,1,3
Álvaro Guerrero,1,3
Ömer Faruk Sorak,1,3
Özge Özberk,1,3
Çetin Tekindor,2,6
Émile Vallée,1,3
Éric Toledano,1,3
